{"content": "{\"xqueue_files\": \"{\\\"setup.py\\\": \\\"https://edx-xqueue-submissions.s3.amazonaws.com/prod-edx-xqueue/test-pull/34b5e0c5a02daf101e40f1d732359760?Signature=PdwB4CtaMKuJ37Ef55tCSrPj9fA%3D&Expires=1466275949&AWSAccessKeyId=AKIAIQKCLPEJIUYBOSMQ&x-amz-meta-filename=setup.py\\\"}\", \"xqueue_header\": \"{\\\"submission_id\\\": 729546, \\\"submission_key\\\": \\\"c682677d07bdea26755a5e966edd2982\\\"}\", \"xqueue_body\": \"{\\\"student_info\\\": \\\"{\\\\\\\"anonymous_student_id\\\\\\\": \\\\\\\"506af89a6181960fc69f47f1fbc8d708\\\\\\\", \\\\\\\"submission_time\\\\\\\": \\\\\\\"20150619185228\\\\\\\"}\\\", \\\"grader_payload\\\": \\\"{\\\\n      \\\\\\\"assignment_name\\\\\\\": \\\\\\\"assignment1\\\\\\\",\\\\n      \\\\\\\"assignment_spec_uri\\\\\\\": \\\\\\\"http://fixture.net/assignment1_spec.txt\\\\\\\",\\\\n      \\\\\\\"assignment_autograder_type\\\\\\\": \\\\\\\"RspecGrader\\\\\\\",\\\\n      \\\\\\\"due_date\\\\\\\": \\\\\\\"2015-01-01 00:00:00 -0700\\\\\\\",\\\\n      \\\\\\\"grace_period\\\\\\\": 3,\\\\n      \\\\\\\"late_period\\\\\\\"  : 2\\\\n    }\\\", \\\"student_response\\\": \\\"\\\"}\"}", "return_code": 0}